filename,title,url,source_type,doc_date,retrieved_date
cobe_act_2019.pdf,Companies and Other Business Entities Act 2019,https://zimlii.org/akn/zw/act/2019/4/eng@2019-11-15/source,official,2019-11-15,2026-10-09
labour_act.pdf,Labour Act [Chapter 28:01],https://zimlii.org/akn/zw/act/1985/16,official,,2026-10-09
labour_amendment_2023.pdf,Labour Amendment Act 2023,https://veritaszim.net/node/6460,official,2023-07-14,2026-10-09
nssa_act.pdf,National Social Security Authority Act [Chapter 17:04],https://zimlii.org/akn/zw/act/1989/12/eng@2025-04-11,official,2025-04-11,2026-10-09
vat_act.pdf,Value Added Tax Act [Chapter 23:12],https://zimlii.org/akn/zw/act/2002/12/eng@2019-02-20/source,official,2019-02-20,2026-10-09
finance_act_2024.pdf,Finance Act 2024 (Act 13 of 2023),https://www.veritaszim.net/sites/veritas_d/files/Finance%20Act%202024%20Act%2013%20of%202023.pdf,official,,2026-10-09
harare_shop_licence_form.pdf,Harare business licence application form,https://hararecity.co.zw/resources/download/51,official,,2026-10-09
zimra_pn_18_2026.pdf,ZIMRA Public Notice 18 of 2026 - Master data update of taxpayer records,https://www.zimra.co.zw/public-notices,notice,,2026-10-09
zimra_pn_19_2026.pdf,ZIMRA Public Notice 19 of 2026 - Tax compliance obligations for trusts,https://www.zimra.co.zw/public-notices,notice,,2026-10-09
zimra_pn_23_2026.pdf,ZIMRA Public Notice 23 of 2026 - VAT and digital services tax return due dates April 2026,https://www.zimra.co.zw/public-notices,notice,,2026-10-09
zimra_pn_25_2026.pdf,ZIMRA Public Notice 25 of 2026 - Voluntary disclosure opportunity on tax matters,https://www.zimra.co.zw/public-notices,notice,,2026-10-09
zimra_pn_36_2026.pdf,ZIMRA Public Notice 36 of 2026 - Second quarter provisional tax payment dates,https://www.zimra.co.zw/public-notices,notice,,2026-10-09
zimra_pn_41_2026.pdf,ZIMRA Public Notice 41 of 2026 - VAT and digital services tax return due dates July 2026,https://www.zimra.co.zw/public-notices,notice,,2026-10-09
zimra_pn_50_2026.pdf,ZIMRA Public Notice 50 of 2026 - New 2026 legislation changes from Finance Act No. 7 of 2025,https://www.zimra.co.zw/public-notices,notice,,2026-10-09